<!-- <?xml version="1.0" encoding="utf-8"?> -->
<!-- <!DOCTYPE mapper PUBLIC -->
<!--  "-//mybatis.org//DTD Mapper 3.0//EN" -->
<!--  "http://mybatis.org/dtd/mybatis-3-mapper.dtd"> -->
<!-- <mapper namespace="retireviewMapper"> -->

<!-- 	<resultMap type="Retire" id="resultRetire"> -->
<!-- 		<result property="RET_NO" column="retire_no" /> -->
<!-- 		<result property="RET_TYPE" column="ret_type" /> -->
<!-- 		<result property="RET_EXITREASON" column="ret_exitreason" /> -->
<!-- 		<result property="RET_DATE" column="ret_date" /> -->
<!-- 		<result property="RET_TOTAL_DATE" column="ret_total_date" /> -->
<!-- 		<result property="GID" column="gid" /> -->
<!-- 		<result property="COM_CODE" column="LicenseCode" /> -->
<!-- 	</resultMap> -->


<!--    <!-- 퇴직자 목록 조회 --> -->
<!--     <select id="selectAllRetirees" resultMap="resultRetire"> -->
<!--         SELECT * FROM TB_RETIRE  테이블 이름 수정 -->
<!--     </select> -->

<!--     퇴직자 추가 -->
<!--     <insert id="insertRetiree" parameterType="Retiree">  DTO 클래스 사용 -->
<!--         INSERT INTO TB_RETIRE (ret_no, user_entry_date, ret_date, ret_type)  테이블 이름 수정 -->
<!--         VALUES (#{ret_no}, #{userEntryDate}, #{retDate}, #{retType}) -->
<!--     </insert> -->

<!--     퇴직자 수정 -->
<!--     <update id="updateRetiree" parameterType="Retiree">  DTO 클래스 사용 -->
<!--         UPDATE TB_RETIRE  테이블 이름 수정 -->
<!--         SET ret_no = #{ret_no}, user_entry_date = #{userEntryDate}, -->
<!--             ret_date = #{retDate}, ret_type = #{retType} -->
<!--         WHERE ret_no = #{ret_no} -->
<!--     </update> -->

<!--     퇴직자 삭제 -->
<!--     <delete id="deleteRetiree" parameterType="string">  retireId는 string으로 가정 -->
<!--         DELETE FROM TB_RETIRE WHERE ret_no = #{ret_no}  테이블 이름 수정 -->
<!--     </delete> -->

<!-- </mapper> -->
