<?xml version="1.0" encoding="utf-8"?>
<!DOCTYPE configuration PUBLIC
 "-//mybatis.org//DTD Config 3.0//EN"
 "http://mybatis.org/dtd/mybatis-3-config.dtd">
<configuration>

	<settings>
		<setting name="jdbcTypeForNull" value="NULL" />
		<setting name="cacheEnabled" value="false"/>
	</settings>

	<typeAliases>	
		<typesAlias type="org.riss.bizconnect.main.member.model.dto.User" alias="User" />
		<typesAlias type="org.riss.bizconnect.hr.attendance.model.dto.Attendance" alias="Attendance" />
		<typesAlias type="org.riss.bizconnect.common.model.dto.Member" alias="Member" />
		<typeAlias type="org.riss.bizconnect.hr.retire.model.dto.Retire" alias="Retire" />
	</typeAliases>
	
	<mappers>
		<mapper resource="mappers/attendance-mapper.xml" />
<!-- 		<mapper resource="mappers/memberMapper.xml"/> -->
<!-- 		<mapper resource="mappers/retireview-mapper.xml" /> -->
	</mappers>
	
	<settings>
		<setting name="jdbcTypeForNull" value="NULL" />
		<setting name="cacheEnabled" value="false"/>
	</settings>

</configuration>
